,Add,Temp,val,Day,,
1,Cellobiose,-6,0,1,,
2,Cellobiose,-6,0,1,,
3,Cellobiose,-6,0,1,,
4,Cellobiose,-6,0,1,,
5,Cellobiose,-6,77.88005334,2,,
6,Cellobiose,-6,77.88005334,2,,
7,Cellobiose,-6,77.88005334,2,,
8,Cellobiose,-6,77.88005334,2,,
9,Cellobiose,-6,161.9788118,3,,
10,Cellobiose,-6,161.9788118,3,,
11,Cellobiose,-6,161.9788118,3,,
12,Cellobiose,-6,161.9788118,3,,
13,Cellobiose,-6,269.7978989,4,,
14,Cellobiose,-6,269.7978989,4,,
15,Cellobiose,-6,269.7978989,4,,
16,Cellobiose,-6,269.7978989,4,,
17,Cellobiose,-6,391.6647652,5,,
18,Cellobiose,-6,391.6647652,5,,
19,Cellobiose,-6,391.6647652,5,,
20,Cellobiose,-6,391.6647652,5,,
21,Cellobiose,-6,481.7135451,6,,
22,Cellobiose,-6,481.7135451,6,,
23,Cellobiose,-6,481.7135451,6,,
24,Cellobiose,-6,481.7135451,6,,
25,Cellobiose,-6,576.3147609,7,,
26,Cellobiose,-6,576.3147609,7,,
27,Cellobiose,-6,576.3147609,7,,
28,Cellobiose,-6,576.3147609,7,,
29,Cellobiose,-6,676.3021589,8,,
30,Cellobiose,-6,676.3021589,8,,
31,Cellobiose,-6,676.3021589,8,,
32,Cellobiose,-6,676.3021589,8,,
33,Cellobiose,-6,790.2509325,9,,
34,Cellobiose,-6,790.2509325,9,,
35,Cellobiose,-6,790.2509325,9,,
36,Cellobiose,-6,790.2509325,9,,
37,Cellobiose,-6,900.2925129,10,,
38,Cellobiose,-6,900.2925129,10,,
39,Cellobiose,-6,900.2925129,10,,
40,Cellobiose,-6,900.2925129,10,,
41,Cellobiose,-6,990.3456328,11,,
42,Cellobiose,-6,990.3456328,11,,
43,Cellobiose,-6,990.3456328,11,,
44,Cellobiose,-6,990.3456328,11,,
45,Cellobiose,-2,0,1,,
46,Cellobiose,-2,0,1,,
47,Cellobiose,-2,0,1,,
48,Cellobiose,-2,234.684395,2,,
49,Cellobiose,-2,234.684395,2,,
50,Cellobiose,-2,234.684395,2,,
51,Cellobiose,-2,547.1115999,3,,
52,Cellobiose,-2,547.1115999,3,,
53,Cellobiose,-2,547.1115999,3,,
54,Cellobiose,-2,843.118056,4,,
55,Cellobiose,-2,843.118056,4,,
56,Cellobiose,-2,843.118056,4,,
57,Cellobiose,-2,1304.849674,5,,
58,Cellobiose,-2,1304.849674,5,,
59,Cellobiose,-2,1304.849674,5,,
60,Cellobiose,-2,1614.3537,6,,
61,Cellobiose,-2,1614.3537,6,,
62,Cellobiose,-2,1614.3537,6,,
63,Cellobiose,-2,2135.952759,7,,
64,Cellobiose,-2,2135.952759,7,,
65,Cellobiose,-2,2135.952759,7,,
66,Cellobiose,-2,2443.553606,8,,
67,Cellobiose,-2,2443.553606,8,,
68,Cellobiose,-2,2443.553606,8,,
69,Cellobiose,-2,2958.526133,9,,
70,Cellobiose,-2,2958.526133,9,,
71,Cellobiose,-2,2958.526133,9,,
72,Cellobiose,-2,3238.226,10,,
73,Cellobiose,-2,3238.226,10,,
74,Cellobiose,-2,3238.226,10,,
75,Cellobiose,2,0,1,,
76,Cellobiose,2,0,1,,
77,Cellobiose,2,0,1,,
78,Cellobiose,2,0,1,,
79,Cellobiose,2,3896.695805,2,,
80,Cellobiose,2,3896.695805,2,,
81,Cellobiose,2,3896.695805,2,,
82,Cellobiose,2,3896.695805,2,,
83,Cellobiose,2,5007.436441,3,,
84,Cellobiose,2,5007.436441,3,,
85,Cellobiose,2,5007.436441,3,,
86,Cellobiose,2,5007.436441,3,,
87,Cellobiose,2,7171.676363,4,,
88,Cellobiose,2,7171.676363,4,,
89,Cellobiose,2,7171.676363,4,,
90,Cellobiose,2,7171.676363,4,,
91,Cellobiose,2,10508.85536,5,,
92,Cellobiose,2,10508.85536,5,,
93,Cellobiose,2,10508.85536,5,,
94,Cellobiose,2,10508.85536,5,,
95,Cellobiose,2,12124.86717,6,,
96,Cellobiose,2,12124.86717,6,,
97,Cellobiose,2,12124.86717,6,,
98,Cellobiose,2,12124.86717,6,,
99,Cellobiose,2,12493.10373,7,,
100,Cellobiose,2,12493.10373,7,,
101,Cellobiose,2,12493.10373,7,,
102,Cellobiose,2,12493.10373,7,,
103,Cellobiose,2,12960.33786,8,,
104,Cellobiose,2,12960.33786,8,,
105,Cellobiose,2,12960.33786,8,,
106,Cellobiose,2,12960.33786,8,,
107,Cellobiose,2,13403.43146,9,,
108,Cellobiose,2,13403.43146,9,,
109,Cellobiose,2,13403.43146,9,,
110,Cellobiose,2,13403.43146,9,,
111,Cellobiose,6,0,1,,
112,Cellobiose,6,0,1,,
113,Cellobiose,6,0,1,,
114,Cellobiose,6,0,1,,
115,Cellobiose,6,5998.586808,2,,
116,Cellobiose,6,5998.586808,2,,
117,Cellobiose,6,5998.586808,2,,
118,Cellobiose,6,5998.586808,2,,
119,Cellobiose,6,8827.216793,3,,
120,Cellobiose,6,8827.216793,3,,
121,Cellobiose,6,8827.216793,3,,
122,Cellobiose,6,8827.216793,3,,
123,Cellobiose,6,11615.38986,4,,
124,Cellobiose,6,11615.38986,4,,
125,Cellobiose,6,11615.38986,4,,
126,Cellobiose,6,11615.38986,4,,
127,Cellobiose,6,13814.44037,5,,
128,Cellobiose,6,13814.44037,5,,
129,Cellobiose,6,13814.44037,5,,
130,Cellobiose,6,13814.44037,5,,
131,Cellobiose,6,15645.66139,6,,
132,Cellobiose,6,15645.66139,6,,
133,Cellobiose,6,15645.66139,6,,
134,Cellobiose,6,15645.66139,6,,
135,Cellobiose,6,17056.95676,7,,
136,Cellobiose,6,17056.95676,7,,
137,Cellobiose,6,17056.95676,7,,
138,Cellobiose,6,17056.95676,7,,
139,Cellobiose,6,17547.21471,8,,
140,Cellobiose,6,17547.21471,8,,
141,Cellobiose,6,17547.21471,8,,
142,Cellobiose,6,17547.21471,8,,
143,Cellobiose,6,17773.38291,9,,
144,Cellobiose,6,17773.38291,9,,
145,Cellobiose,6,17773.38291,9,,
146,Cellobiose,6,17773.38291,9,,
147,Cellobiose,10,0,1,,
148,Cellobiose,10,0,1,,
149,Cellobiose,10,0,1,,
150,Cellobiose,10,0,1,,
151,Cellobiose,10,4151.135207,2,,
152,Cellobiose,10,4151.135207,2,,
153,Cellobiose,10,4151.135207,2,,
154,Cellobiose,10,4151.135207,2,,
155,Cellobiose,10,7145.403328,3,,
156,Cellobiose,10,7145.403328,3,,
157,Cellobiose,10,7145.403328,3,,
158,Cellobiose,10,7145.403328,3,,
159,Cellobiose,10,10973.30443,4,,
160,Cellobiose,10,10973.30443,4,,
161,Cellobiose,10,10973.30443,4,,
162,Cellobiose,10,10973.30443,4,,
163,Cellobiose,10,15015.04896,5,,
164,Cellobiose,10,15015.04896,5,,
165,Cellobiose,10,15015.04896,5,,
166,Cellobiose,10,15015.04896,5,,
167,Cellobiose,10,17787.39427,6,,
168,Cellobiose,10,17787.39427,6,,
169,Cellobiose,10,17787.39427,6,,
170,Cellobiose,10,17787.39427,6,,
171,Cellobiose,10,19866.29448,7,,
172,Cellobiose,10,19866.29448,7,,
173,Cellobiose,10,19866.29448,7,,
174,Cellobiose,10,19866.29448,7,,
175,Cellobiose,10,20637.09988,8,,
176,Cellobiose,10,20637.09988,8,,
177,Cellobiose,10,20637.09988,8,,
178,Cellobiose,10,20637.09988,8,,
179,Cellotetraose,-2,0,1,,
180,Cellotetraose,-2,0,1,,
181,Cellotetraose,-2,0,1,,
182,Cellotetraose,-2,0,1,,
183,Cellotetraose,-2,124.8916566,2,,
184,Cellotetraose,-2,124.8916566,2,,
185,Cellotetraose,-2,124.8916566,2,,
186,Cellotetraose,-2,124.8916566,2,,
187,Cellotetraose,-2,390.2540562,3,,
188,Cellotetraose,-2,390.2540562,3,,
189,Cellotetraose,-2,390.2540562,3,,
190,Cellotetraose,-2,390.2540562,3,,
191,Cellotetraose,-2,583.5398195,4,,
192,Cellotetraose,-2,583.5398195,4,,
193,Cellotetraose,-2,583.5398195,4,,
194,Cellotetraose,-2,583.5398195,4,,
195,Cellotetraose,-2,787.0897658,5,,
196,Cellotetraose,-2,787.0897658,5,,
197,Cellotetraose,-2,787.0897658,5,,
198,Cellotetraose,-2,787.0897658,5,,
199,Cellotetraose,-2,1023.207564,6,,
200,Cellotetraose,-2,1023.207564,6,,
201,Cellotetraose,-2,1023.207564,6,,
202,Cellotetraose,-2,1023.207564,6,,
203,Cellotetraose,-2,1233.996759,7,,
204,Cellotetraose,-2,1233.996759,7,,
205,Cellotetraose,-2,1233.996759,7,,
206,Cellotetraose,-2,1233.996759,7,,
207,Cellotetraose,-2,1506.94645,8,,
208,Cellotetraose,-2,1506.94645,8,,
209,Cellotetraose,-2,1506.94645,8,,
210,Cellotetraose,-2,1506.94645,8,,
211,Cellotetraose,-2,1843.452398,9,,
212,Cellotetraose,-2,1843.452398,9,,
213,Cellotetraose,-2,1843.452398,9,,
214,Cellotetraose,-2,1843.452398,9,,
215,Cellotetraose,-2,2157.321004,10,,
216,Cellotetraose,-2,2157.321004,10,,
217,Cellotetraose,-2,2157.321004,10,,
218,Cellotetraose,-2,2157.321004,10,,
219,Cellotetraose,2,0,1,,
220,Cellotetraose,2,0,1,,
221,Cellotetraose,2,0,1,,
222,Cellotetraose,2,0,1,,
223,Cellotetraose,2,2674.105385,2,,
224,Cellotetraose,2,2674.105385,2,,
225,Cellotetraose,2,2674.105385,2,,
226,Cellotetraose,2,4100.359177,3,,
227,Cellotetraose,2,4100.359177,3,,
228,Cellotetraose,2,4100.359177,3,,
229,Cellotetraose,2,4100.359177,3,,
230,Cellotetraose,2,6870.862124,4,,
231,Cellotetraose,2,6870.862124,4,,
232,Cellotetraose,2,6870.862124,4,,
233,Cellotetraose,2,6870.862124,4,,
234,Cellotetraose,2,10407.06463,5,,
235,Cellotetraose,2,10407.06463,5,,
236,Cellotetraose,2,10407.06463,5,,
237,Cellotetraose,2,10407.06463,5,,
238,Cellotetraose,2,12191.35624,6,,
239,Cellotetraose,2,12191.35624,6,,
240,Cellotetraose,2,12191.35624,6,,
241,Cellotetraose,2,12191.35624,6,,
242,Cellotetraose,2,12766.42949,7,,
243,Cellotetraose,2,12766.42949,7,,
244,Cellotetraose,2,12766.42949,7,,
245,Cellotetraose,2,12766.42949,7,,
246,Cellotetraose,2,13242.26334,8,,
247,Cellotetraose,2,13242.26334,8,,
248,Cellotetraose,2,13242.26334,8,,
249,Cellotetraose,2,13242.26334,8,,
250,Cellotetraose,2,13788.5678,9,,
251,Cellotetraose,2,13788.5678,9,,
252,Cellotetraose,2,13788.5678,9,,
253,Cellotetraose,2,13788.5678,9,,
254,Cellulose- 20,-6,0,1,,
255,Cellulose- 20,-6,0,1,,
256,Cellulose- 20,-6,0,1,,
257,Cellulose- 20,-6,0,1,,
258,Cellulose- 20,-6,61.4015005,2,,
259,Cellulose- 20,-6,61.4015005,2,,
260,Cellulose- 20,-6,61.4015005,2,,
261,Cellulose- 20,-6,61.4015005,2,,
262,Cellulose- 20,-6,105.2614366,3,,
263,Cellulose- 20,-6,105.2614366,3,,
264,Cellulose- 20,-6,105.2614366,3,,
265,Cellulose- 20,-6,105.2614366,3,,
266,Cellulose- 20,-6,179.9657843,4,,
267,Cellulose- 20,-6,179.9657843,4,,
268,Cellulose- 20,-6,179.9657843,4,,
269,Cellulose- 20,-6,179.9657843,4,,
270,Cellulose- 20,-6,258.7689297,5,,
271,Cellulose- 20,-6,258.7689297,5,,
272,Cellulose- 20,-6,258.7689297,5,,
273,Cellulose- 20,-6,258.7689297,5,,
274,Cellulose- 20,-6,298.9468824,6,,
275,Cellulose- 20,-6,298.9468824,6,,
276,Cellulose- 20,-6,298.9468824,6,,
277,Cellulose- 20,-6,298.9468824,6,,
278,Cellulose- 20,-6,342.5227197,7,,
279,Cellulose- 20,-6,342.5227197,7,,
280,Cellulose- 20,-6,342.5227197,7,,
281,Cellulose- 20,-6,342.5227197,7,,
282,Cellulose- 20,-6,378.9071657,8,,
283,Cellulose- 20,-6,378.9071657,8,,
284,Cellulose- 20,-6,378.9071657,8,,
285,Cellulose- 20,-6,378.9071657,8,,
286,Cellulose- 20,-6,426.9791783,9,,
287,Cellulose- 20,-6,426.9791783,9,,
288,Cellulose- 20,-6,426.9791783,9,,
289,Cellulose- 20,-6,426.9791783,9,,
290,Cellulose- 20,-6,454.8777513,10,,
291,Cellulose- 20,-6,454.8777513,10,,
292,Cellulose- 20,-6,454.8777513,10,,
293,Cellulose- 20,-6,454.8777513,10,,
294,Cellulose- 20,-6,465.7561801,11,,
295,Cellulose- 20,-6,465.7561801,11,,
296,Cellulose- 20,-6,465.7561801,11,,
297,Cellulose- 20,-6,465.7561801,11,,
298,Cellulose- 20,-2,0,1,,
299,Cellulose- 20,-2,0,1,,
300,Cellulose- 20,-2,0,1,,
301,Cellulose- 20,-2,0,1,,
302,Cellulose- 20,-2,82.49072994,2,,
303,Cellulose- 20,-2,82.49072994,2,,
304,Cellulose- 20,-2,82.49072994,2,,
305,Cellulose- 20,-2,82.49072994,2,,
306,Cellulose- 20,-2,169.7128427,3,,
307,Cellulose- 20,-2,169.7128427,3,,
308,Cellulose- 20,-2,169.7128427,3,,
309,Cellulose- 20,-2,169.7128427,3,,
310,Cellulose- 20,-2,261.6980898,4,,
311,Cellulose- 20,-2,261.6980898,4,,
312,Cellulose- 20,-2,261.6980898,4,,
313,Cellulose- 20,-2,261.6980898,4,,
314,Cellulose- 20,-2,358.0619977,5,,
315,Cellulose- 20,-2,358.0619977,5,,
316,Cellulose- 20,-2,358.0619977,5,,
317,Cellulose- 20,-2,358.0619977,5,,
318,Cellulose- 20,-2,421.7334008,6,,
319,Cellulose- 20,-2,421.7334008,6,,
320,Cellulose- 20,-2,421.7334008,6,,
321,Cellulose- 20,-2,421.7334008,6,,
322,Cellulose- 20,-2,484.998168,7,,
323,Cellulose- 20,-2,484.998168,7,,
324,Cellulose- 20,-2,484.998168,7,,
325,Cellulose- 20,-2,484.998168,7,,
326,Cellulose- 20,-2,560.9457114,8,,
327,Cellulose- 20,-2,560.9457114,8,,
328,Cellulose- 20,-2,560.9457114,8,,
329,Cellulose- 20,-2,560.9457114,8,,
330,Cellulose- 20,-2,634.4733086,9,,
331,Cellulose- 20,-2,634.4733086,9,,
332,Cellulose- 20,-2,634.4733086,9,,
333,Cellulose- 20,-2,634.4733086,9,,
334,Cellulose- 20,-2,695.1077571,10,,
335,Cellulose- 20,-2,695.1077571,10,,
336,Cellulose- 20,-2,695.1077571,10,,
337,Cellulose- 20,-2,695.1077571,10,,1
338,Cellulose- 20,2,0,1,,1
339,Cellulose- 20,2,0,1,,1
340,Cellulose- 20,2,0,1,,1
341,Cellulose- 20,2,0,1,,2
342,Cellulose- 20,2,1647.779486,2,,2
343,Cellulose- 20,2,1647.779486,2,,2
344,Cellulose- 20,2,1647.779486,2,,2
345,Cellulose- 20,2,1647.779486,2,,3
346,Cellulose- 20,2,3345.11255,3,,3
347,Cellulose- 20,2,3345.11255,3,,3
348,Cellulose- 20,2,3345.11255,3,,3
349,Cellulose- 20,2,3345.11255,3,,4
350,Cellulose- 20,2,5631.341017,4,,4
351,Cellulose- 20,2,5631.341017,4,,4
352,Cellulose- 20,2,5631.341017,4,,4
353,Cellulose- 20,2,5631.341017,4,,5
354,Cellulose- 20,2,9002.111297,5,,5
355,Cellulose- 20,2,9002.111297,5,,5
356,Cellulose- 20,2,9002.111297,5,,5
357,Cellulose- 20,2,9002.111297,5,,6
358,Cellulose- 20,2,10704.78009,6,,6
359,Cellulose- 20,2,10704.78009,6,,6
360,Cellulose- 20,2,10704.78009,6,,6
361,Cellulose- 20,2,10704.78009,6,,7
362,Cellulose- 20,2,11284.81832,7,,7
363,Cellulose- 20,2,11284.81832,7,,7
364,Cellulose- 20,2,11284.81832,7,,7
365,Cellulose- 20,2,11284.81832,7,,8
366,Cellulose- 20,2,11797.2918,8,,8
367,Cellulose- 20,2,11797.2918,8,,8
368,Cellulose- 20,2,11797.2918,8,,8
369,Cellulose- 20,2,11797.2918,8,,9
370,Cellulose- 20,2,12329.39834,9,,9
371,Cellulose- 20,2,12329.39834,9,,9
372,Cellulose- 20,2,12329.39834,9,,9
373,Cellulose- 20,2,12329.39834,9,,10
374,Cellulose- 20,6,0,1,,10
375,Cellulose- 20,6,0,1,,10
376,Cellulose- 20,6,0,1,,10
377,Cellulose- 20,6,0,1,,11
378,Cellulose- 20,6,2701.480818,2,,11
379,Cellulose- 20,6,2701.480818,2,,11
380,Cellulose- 20,6,2701.480818,2,,11
381,Cellulose- 20,6,2701.480818,2,,
382,Cellulose- 20,6,5486.291678,3,,
383,Cellulose- 20,6,5486.291678,3,,
384,Cellulose- 20,6,5486.291678,3,,
385,Cellulose- 20,6,5486.291678,3,,
386,Cellulose- 20,6,8343.765705,4,,
387,Cellulose- 20,6,8343.765705,4,,
388,Cellulose- 20,6,8343.765705,4,,
389,Cellulose- 20,6,8343.765705,4,,
390,Cellulose- 20,6,10675.60738,5,,
391,Cellulose- 20,6,10675.60738,5,,
392,Cellulose- 20,6,10675.60738,5,,
393,Cellulose- 20,6,10675.60738,5,,
394,Cellulose- 20,6,12049.11926,6,,
395,Cellulose- 20,6,12049.11926,6,,
396,Cellulose- 20,6,12049.11926,6,,
397,Cellulose- 20,6,12049.11926,6,,
398,Cellulose- 20,6,13130.2698,7,,
399,Cellulose- 20,6,13130.2698,7,,
400,Cellulose- 20,6,13130.2698,7,,
401,Cellulose- 20,6,13130.2698,7,,
402,Cellulose- 20,6,13752.5282,8,,
403,Cellulose- 20,6,13752.5282,8,,
404,Cellulose- 20,6,13752.5282,8,,
405,Cellulose- 20,6,13752.5282,8,,
406,Cellulose- 20,6,13957.7708,9,,
407,Cellulose- 20,6,13957.7708,9,,
408,Cellulose- 20,6,13957.7708,9,,
409,Cellulose- 20,6,13957.7708,9,,
410,Cellulose- 20,10,0,1,,
411,Cellulose- 20,10,0,1,,
412,Cellulose- 20,10,0,1,,
413,Cellulose- 20,10,4110.808639,2,,
414,Cellulose- 20,10,4110.808639,2,,
415,Cellulose- 20,10,4110.808639,2,,
416,Cellulose- 20,10,7263.706686,3,,
417,Cellulose- 20,10,7263.706686,3,,
418,Cellulose- 20,10,7263.706686,3,,
419,Cellulose- 20,10,10673.93445,4,,
420,Cellulose- 20,10,10673.93445,4,,
421,Cellulose- 20,10,10673.93445,4,,
422,Cellulose- 20,10,14654.20567,5,,
423,Cellulose- 20,10,14654.20567,5,,
424,Cellulose- 20,10,14654.20567,5,,
425,Cellulose- 20,10,16990.96581,6,,
426,Cellulose- 20,10,16990.96581,6,,
427,Cellulose- 20,10,16990.96581,6,,
428,Cellulose- 20,10,18455.68661,7,,
429,Cellulose- 20,10,18455.68661,7,,
430,Cellulose- 20,10,18455.68661,7,,
431,Cellulose- 20,10,19398.58555,8,,
432,Cellulose- 20,10,19398.58555,8,,
433,Cellulose- 20,10,19398.58555,8,,
434,Cellulose- 90,-6,0,1,,
435,Cellulose- 90,-6,0,1,,
436,Cellulose- 90,-6,0,1,,
437,Cellulose- 90,-6,0,1,,
438,Cellulose- 90,-6,86.60579346,2,,
439,Cellulose- 90,-6,86.60579346,2,,
440,Cellulose- 90,-6,86.60579346,2,,
441,Cellulose- 90,-6,86.60579346,2,,
442,Cellulose- 90,-6,134.3494393,3,,
443,Cellulose- 90,-6,134.3494393,3,,
444,Cellulose- 90,-6,134.3494393,3,,
445,Cellulose- 90,-6,134.3494393,3,,
446,Cellulose- 90,-6,209.8255429,4,,
447,Cellulose- 90,-6,209.8255429,4,,
448,Cellulose- 90,-6,209.8255429,4,,
449,Cellulose- 90,-6,209.8255429,4,,
450,Cellulose- 90,-6,296.2806964,5,,
451,Cellulose- 90,-6,296.2806964,5,,
452,Cellulose- 90,-6,296.2806964,5,,
453,Cellulose- 90,-6,296.2806964,5,,
454,Cellulose- 90,-6,338.8976731,6,,
455,Cellulose- 90,-6,338.8976731,6,,
456,Cellulose- 90,-6,338.8976731,6,,
457,Cellulose- 90,-6,338.8976731,6,,
458,Cellulose- 90,-6,387.2738513,7,,
459,Cellulose- 90,-6,387.2738513,7,,
460,Cellulose- 90,-6,387.2738513,7,,
461,Cellulose- 90,-6,387.2738513,7,,
462,Cellulose- 90,-6,422.0951709,8,,
463,Cellulose- 90,-6,422.0951709,8,,
464,Cellulose- 90,-6,422.0951709,8,,
465,Cellulose- 90,-6,422.0951709,8,,
466,Cellulose- 90,-6,464.1645521,9,,
467,Cellulose- 90,-6,464.1645521,9,,
468,Cellulose- 90,-6,464.1645521,9,,
469,Cellulose- 90,-6,464.1645521,9,,
470,Cellulose- 90,-6,485.8360875,10,,
471,Cellulose- 90,-6,485.8360875,10,,
472,Cellulose- 90,-6,485.8360875,10,,
473,Cellulose- 90,-6,485.8360875,10,,
474,Cellulose- 90,-6,494.5980242,11,,
475,Cellulose- 90,-6,494.5980242,11,,
476,Cellulose- 90,-6,494.5980242,11,,
477,Cellulose- 90,-6,494.5980242,11,,
478,Cellulose- 90,-2,0,1,,
479,Cellulose- 90,-2,0,1,,
480,Cellulose- 90,-2,0,1,,
481,Cellulose- 90,-2,96.22996949,2,,
482,Cellulose- 90,-2,96.22996949,2,,
483,Cellulose- 90,-2,96.22996949,2,,
484,Cellulose- 90,-2,209.8220864,3,,
485,Cellulose- 90,-2,209.8220864,3,,
486,Cellulose- 90,-2,209.8220864,3,,
487,Cellulose- 90,-2,314.2061193,4,,
488,Cellulose- 90,-2,314.2061193,4,,
489,Cellulose- 90,-2,314.2061193,4,,
490,Cellulose- 90,-2,420.4087015,5,,
491,Cellulose- 90,-2,420.4087015,5,,
492,Cellulose- 90,-2,420.4087015,5,,
493,Cellulose- 90,-2,483.0348056,6,,
494,Cellulose- 90,-2,483.0348056,6,,
495,Cellulose- 90,-2,483.0348056,6,,
496,Cellulose- 90,-2,567.0607401,7,,
497,Cellulose- 90,-2,567.0607401,7,,
498,Cellulose- 90,-2,567.0607401,7,,
499,Cellulose- 90,-2,633.6031971,8,,
500,Cellulose- 90,-2,633.6031971,8,,
501,Cellulose- 90,-2,633.6031971,8,,
502,Cellulose- 90,-2,703.4763056,9,,
503,Cellulose- 90,-2,703.4763056,9,,
504,Cellulose- 90,-2,703.4763056,9,,
505,Cellulose- 90,-2,771.2788449,10,,
506,Cellulose- 90,-2,771.2788449,10,,
507,Cellulose- 90,-2,771.2788449,10,,
508,Cellulose- 90,2,0,1,,
509,Cellulose- 90,2,0,1,,
510,Cellulose- 90,2,0,1,,
511,Cellulose- 90,2,0,1,,
512,Cellulose- 90,2,929.9249279,2,,
513,Cellulose- 90,2,929.9249279,2,,
514,Cellulose- 90,2,929.9249279,2,,
515,Cellulose- 90,2,929.9249279,2,,
516,Cellulose- 90,2,2214.700782,3,,
517,Cellulose- 90,2,2214.700782,3,,
518,Cellulose- 90,2,2214.700782,3,,
519,Cellulose- 90,2,2214.700782,3,,
520,Cellulose- 90,2,4575.71608,4,,
521,Cellulose- 90,2,4575.71608,4,,
522,Cellulose- 90,2,4575.71608,4,,
523,Cellulose- 90,2,4575.71608,4,,
524,Cellulose- 90,2,7397.588192,5,,
525,Cellulose- 90,2,7397.588192,5,,
526,Cellulose- 90,2,7397.588192,5,,
527,Cellulose- 90,2,7397.588192,5,,
528,Cellulose- 90,2,8827.135424,6,,
529,Cellulose- 90,2,8827.135424,6,,
530,Cellulose- 90,2,8827.135424,6,,
531,Cellulose- 90,2,8827.135424,6,,
532,Cellulose- 90,2,9261.799654,7,,
533,Cellulose- 90,2,9261.799654,7,,
534,Cellulose- 90,2,9261.799654,7,,
535,Cellulose- 90,2,9261.799654,7,,
536,Cellulose- 90,2,9710.026049,8,,
537,Cellulose- 90,2,9710.026049,8,,
538,Cellulose- 90,2,9710.026049,8,,
539,Cellulose- 90,2,9710.026049,8,,
540,Cellulose- 90,2,10160.6842,9,,
541,Cellulose- 90,2,10160.6842,9,,
542,Cellulose- 90,2,10160.6842,9,,
543,Cellulose- 90,2,10160.6842,9,,
544,Cellulose- 90,6,0,1,,
545,Cellulose- 90,6,0,1,,
546,Cellulose- 90,6,0,1,,
547,Cellulose- 90,6,0,1,,
548,Cellulose- 90,6,2508.933001,2,,
549,Cellulose- 90,6,2508.933001,2,,
550,Cellulose- 90,6,2508.933001,2,,
551,Cellulose- 90,6,2508.933001,2,,
552,Cellulose- 90,6,4751.477099,3,,
553,Cellulose- 90,6,4751.477099,3,,
554,Cellulose- 90,6,4751.477099,3,,
555,Cellulose- 90,6,4751.477099,3,,
556,Cellulose- 90,6,7494.950763,4,,
557,Cellulose- 90,6,7494.950763,4,,
558,Cellulose- 90,6,7494.950763,4,,
559,Cellulose- 90,6,7494.950763,4,,
560,Cellulose- 90,6,9822.775403,5,,
561,Cellulose- 90,6,9822.775403,5,,
562,Cellulose- 90,6,9822.775403,5,,
563,Cellulose- 90,6,9822.775403,5,,
564,Cellulose- 90,6,11219.93647,6,,
565,Cellulose- 90,6,11219.93647,6,,
566,Cellulose- 90,6,11219.93647,6,,
567,Cellulose- 90,6,11219.93647,6,,
568,Cellulose- 90,6,12209.30968,7,,
569,Cellulose- 90,6,12209.30968,7,,
570,Cellulose- 90,6,12209.30968,7,,
571,Cellulose- 90,6,12209.30968,7,,
572,Cellulose- 90,6,12763.70952,8,,
573,Cellulose- 90,6,12763.70952,8,,
574,Cellulose- 90,6,12763.70952,8,,
575,Cellulose- 90,6,12763.70952,8,,
576,Cellulose- 90,6,13015.05136,9,,
577,Cellulose- 90,6,13015.05136,9,,
578,Cellulose- 90,6,13015.05136,9,,
579,Cellulose- 90,6,13015.05136,9,,
580,Cellulose- 90,10,0,1,,
581,Cellulose- 90,10,0,1,,
582,Cellulose- 90,10,0,1,,
583,Cellulose- 90,10,4670.504887,2,,
584,Cellulose- 90,10,4670.504887,2,,
585,Cellulose- 90,10,4670.504887,2,,
586,Cellulose- 90,10,8652.667554,3,,
587,Cellulose- 90,10,8652.667554,3,,
588,Cellulose- 90,10,8652.667554,3,,
589,Cellulose- 90,10,12401.12455,4,,
590,Cellulose- 90,10,12401.12455,4,,
591,Cellulose- 90,10,12401.12455,4,,
592,Cellulose- 90,10,16210.99162,5,,
593,Cellulose- 90,10,16210.99162,5,,
594,Cellulose- 90,10,16210.99162,5,,
595,Cellulose- 90,10,18320.01798,6,,
596,Cellulose- 90,10,18320.01798,6,,
597,Cellulose- 90,10,18320.01798,6,,
598,Cellulose- 90,10,19794.35429,7,,
599,Cellulose- 90,10,19794.35429,7,,
600,Cellulose- 90,10,19794.35429,7,,
601,Cellulose- 90,10,20622.24997,8,,
602,Cellulose- 90,10,20622.24997,8,,
603,Cellulose- 90,10,20622.24997,8,,
604,Coloidal cellulose,-6,0,1,,
605,Coloidal cellulose,-6,0,1,,
606,Coloidal cellulose,-6,0,1,,
607,Coloidal cellulose,-6,0,1,,
608,Coloidal cellulose,-6,90.68554163,2,,
609,Coloidal cellulose,-6,90.68554163,2,,
610,Coloidal cellulose,-6,90.68554163,2,,
611,Coloidal cellulose,-6,90.68554163,2,,
612,Coloidal cellulose,-6,152.0973354,3,,
613,Coloidal cellulose,-6,152.0973354,3,,
614,Coloidal cellulose,-6,152.0973354,3,,
615,Coloidal cellulose,-6,152.0973354,3,,
616,Coloidal cellulose,-6,225.8473564,4,,
617,Coloidal cellulose,-6,225.8473564,4,,
618,Coloidal cellulose,-6,225.8473564,4,,
619,Coloidal cellulose,-6,225.8473564,4,,
620,Coloidal cellulose,-6,290.9885153,5,,
621,Coloidal cellulose,-6,290.9885153,5,,
622,Coloidal cellulose,-6,290.9885153,5,,
623,Coloidal cellulose,-6,290.9885153,5,,
624,Coloidal cellulose,-6,323.0075137,6,,
625,Coloidal cellulose,-6,323.0075137,6,,
626,Coloidal cellulose,-6,323.0075137,6,,
627,Coloidal cellulose,-6,323.0075137,6,,
628,Coloidal cellulose,-6,355.1450297,7,,
629,Coloidal cellulose,-6,355.1450297,7,,
630,Coloidal cellulose,-6,355.1450297,7,,
631,Coloidal cellulose,-6,355.1450297,7,,
632,Coloidal cellulose,-6,391.180901,8,,
633,Coloidal cellulose,-6,391.180901,8,,
634,Coloidal cellulose,-6,391.180901,8,,
635,Coloidal cellulose,-6,391.180901,8,,
636,Coloidal cellulose,-6,440.3087797,9,,
637,Coloidal cellulose,-6,440.3087797,9,,
638,Coloidal cellulose,-6,440.3087797,9,,
639,Coloidal cellulose,-6,440.3087797,9,,
640,Coloidal cellulose,-6,466.2839064,10,,
641,Coloidal cellulose,-6,466.2839064,10,,
642,Coloidal cellulose,-6,466.2839064,10,,
643,Coloidal cellulose,-6,466.2839064,10,,
644,Coloidal cellulose,-6,485.6553117,11,,
645,Coloidal cellulose,-6,485.6553117,11,,
646,Coloidal cellulose,-6,485.6553117,11,,
647,Coloidal cellulose,-6,485.6553117,11,,
648,Coloidal cellulose,-2,0,1,,
649,Coloidal cellulose,-2,0,1,,
650,Coloidal cellulose,-2,0,1,,
651,Coloidal cellulose,-2,0,1,,
652,Coloidal cellulose,-2,83.52549565,2,,
653,Coloidal cellulose,-2,83.52549565,2,,
654,Coloidal cellulose,-2,83.52549565,2,,
655,Coloidal cellulose,-2,83.52549565,2,,
656,Coloidal cellulose,-2,178.6423846,3,,
657,Coloidal cellulose,-2,178.6423846,3,,
658,Coloidal cellulose,-2,178.6423846,3,,
659,Coloidal cellulose,-2,178.6423846,3,,
660,Coloidal cellulose,-2,310.8925042,4,,
661,Coloidal cellulose,-2,310.8925042,4,,
662,Coloidal cellulose,-2,310.8925042,4,,
663,Coloidal cellulose,-2,310.8925042,4,,
664,Coloidal cellulose,-2,462.6398702,5,,
665,Coloidal cellulose,-2,462.6398702,5,,
666,Coloidal cellulose,-2,462.6398702,5,,
667,Coloidal cellulose,-2,462.6398702,5,,
668,Coloidal cellulose,-2,554.0582099,6,,
669,Coloidal cellulose,-2,554.0582099,6,,
670,Coloidal cellulose,-2,554.0582099,6,,
671,Coloidal cellulose,-2,554.0582099,6,,
672,Coloidal cellulose,-2,654.798663,7,,
673,Coloidal cellulose,-2,654.798663,7,,
674,Coloidal cellulose,-2,654.798663,7,,
675,Coloidal cellulose,-2,654.798663,7,,
676,Coloidal cellulose,-2,749.4363593,8,,
677,Coloidal cellulose,-2,749.4363593,8,,
678,Coloidal cellulose,-2,749.4363593,8,,
679,Coloidal cellulose,-2,749.4363593,8,,
680,Coloidal cellulose,-2,833.2857166,9,,
681,Coloidal cellulose,-2,833.2857166,9,,
682,Coloidal cellulose,-2,833.2857166,9,,
683,Coloidal cellulose,-2,833.2857166,9,,
684,Coloidal cellulose,-2,913.9195118,10,,
685,Coloidal cellulose,-2,913.9195118,10,,
686,Coloidal cellulose,-2,913.9195118,10,,
687,Coloidal cellulose,-2,913.9195118,10,,
688,Coloidal cellulose,2,0,1,,
689,Coloidal cellulose,2,0,1,,
690,Coloidal cellulose,2,0,1,,
691,Coloidal cellulose,2,0,1,,
692,Coloidal cellulose,2,1678.714539,2,,
693,Coloidal cellulose,2,1678.714539,2,,
694,Coloidal cellulose,2,1678.714539,2,,
695,Coloidal cellulose,2,1678.714539,2,,
696,Coloidal cellulose,2,3152.523157,3,,
697,Coloidal cellulose,2,3152.523157,3,,
698,Coloidal cellulose,2,3152.523157,3,,
699,Coloidal cellulose,2,3152.523157,3,,
700,Coloidal cellulose,2,5757.413582,4,,
701,Coloidal cellulose,2,5757.413582,4,,
702,Coloidal cellulose,2,5757.413582,4,,
703,Coloidal cellulose,2,5757.413582,4,,
704,Coloidal cellulose,2,9334.004588,5,,
705,Coloidal cellulose,2,9334.004588,5,,
706,Coloidal cellulose,2,9334.004588,5,,
707,Coloidal cellulose,2,9334.004588,5,,
708,Coloidal cellulose,2,10999.90792,6,,
709,Coloidal cellulose,2,10999.90792,6,,
710,Coloidal cellulose,2,10999.90792,6,,
711,Coloidal cellulose,2,10999.90792,6,,
712,Coloidal cellulose,2,11641.22738,7,,
713,Coloidal cellulose,2,11641.22738,7,,
714,Coloidal cellulose,2,11641.22738,7,,
715,Coloidal cellulose,2,11641.22738,7,,
716,Coloidal cellulose,2,12107.90655,8,,
717,Coloidal cellulose,2,12107.90655,8,,
718,Coloidal cellulose,2,12107.90655,8,,
719,Coloidal cellulose,2,12107.90655,8,,
720,Coloidal cellulose,2,12827.80324,9,,
721,Coloidal cellulose,2,12827.80324,9,,
722,Coloidal cellulose,2,12827.80324,9,,
723,Coloidal cellulose,2,12827.80324,9,,
724,Coloidal cellulose,6,0,1,,
725,Coloidal cellulose,6,0,1,,
726,Coloidal cellulose,6,0,1,,
727,Coloidal cellulose,6,0,1,,
728,Coloidal cellulose,6,3088.743267,2,,
729,Coloidal cellulose,6,3088.743267,2,,
730,Coloidal cellulose,6,3088.743267,2,,
731,Coloidal cellulose,6,3088.743267,2,,
732,Coloidal cellulose,6,5880.12411,3,,
733,Coloidal cellulose,6,5880.12411,3,,
734,Coloidal cellulose,6,5880.12411,3,,
735,Coloidal cellulose,6,5880.12411,3,,
736,Coloidal cellulose,6,8963.629409,4,,
737,Coloidal cellulose,6,8963.629409,4,,
738,Coloidal cellulose,6,8963.629409,4,,
739,Coloidal cellulose,6,8963.629409,4,,
740,Coloidal cellulose,6,11271.34717,5,,
741,Coloidal cellulose,6,11271.34717,5,,
742,Coloidal cellulose,6,11271.34717,5,,
743,Coloidal cellulose,6,11271.34717,5,,
744,Coloidal cellulose,6,12765.46593,6,,
745,Coloidal cellulose,6,12765.46593,6,,
746,Coloidal cellulose,6,12765.46593,6,,
747,Coloidal cellulose,6,12765.46593,6,,
748,Coloidal cellulose,6,13984.56169,7,,
749,Coloidal cellulose,6,13984.56169,7,,
750,Coloidal cellulose,6,13984.56169,7,,
751,Coloidal cellulose,6,13984.56169,7,,
752,Coloidal cellulose,6,14555.82985,8,,
753,Coloidal cellulose,6,14555.82985,8,,
754,Coloidal cellulose,6,14555.82985,8,,
755,Coloidal cellulose,6,14555.82985,8,,
756,Coloidal cellulose,6,14782.17841,9,,
757,Coloidal cellulose,6,14782.17841,9,,
758,Coloidal cellulose,6,14782.17841,9,,
759,Coloidal cellulose,6,14782.17841,9,,
760,Coloidal cellulose,10,0,1,,
761,Coloidal cellulose,10,0,1,,
762,Coloidal cellulose,10,0,1,,
763,Coloidal cellulose,10,3986.078292,2,,
764,Coloidal cellulose,10,3986.078292,2,,
765,Coloidal cellulose,10,3986.078292,2,,
766,Coloidal cellulose,10,7485.988803,3,,
767,Coloidal cellulose,10,7485.988803,3,,
768,Coloidal cellulose,10,7485.988803,3,,
769,Coloidal cellulose,10,11190.93152,4,,
770,Coloidal cellulose,10,11190.93152,4,,
771,Coloidal cellulose,10,11190.93152,4,,
772,Coloidal cellulose,10,15160.50168,5,,
773,Coloidal cellulose,10,15160.50168,5,,
774,Coloidal cellulose,10,15160.50168,5,,
775,Coloidal cellulose,10,17836.62635,6,,
776,Coloidal cellulose,10,17836.62635,6,,
777,Coloidal cellulose,10,17836.62635,6,,
778,Coloidal cellulose,10,19713.22327,7,,
779,Coloidal cellulose,10,19713.22327,7,,
780,Coloidal cellulose,10,19713.22327,7,,
781,Coloidal cellulose,10,20518.90848,8,,
782,Coloidal cellulose,10,20518.90848,8,,
783,Coloidal cellulose,10,20518.90848,8,,
784,None,-6,0,1,,
785,None,-6,0,1,,
786,None,-6,0,1,,
787,None,-6,0,1,,
788,None,-6,69.21586382,2,,
789,None,-6,69.21586382,2,,
790,None,-6,69.21586382,2,,
791,None,-6,69.21586382,2,,
792,None,-6,109.7185848,3,,
793,None,-6,109.7185848,3,,
794,None,-6,109.7185848,3,,
795,None,-6,109.7185848,3,,
796,None,-6,168.813749,4,,
797,None,-6,168.813749,4,,
798,None,-6,168.813749,4,,
799,None,-6,168.813749,4,,
800,None,-6,236.5108333,5,,
801,None,-6,236.5108333,5,,
802,None,-6,236.5108333,5,,
803,None,-6,236.5108333,5,,
804,None,-6,272.2812927,6,,
805,None,-6,272.2812927,6,,
806,None,-6,272.2812927,6,,
807,None,-6,272.2812927,6,,
808,None,-6,308.3521569,7,,
809,None,-6,308.3521569,7,,
810,None,-6,308.3521569,7,,
811,None,-6,308.3521569,7,,
812,None,-6,341.8329084,8,,
813,None,-6,341.8329084,8,,
814,None,-6,341.8329084,8,,
815,None,-6,341.8329084,8,,
816,None,-6,382.6114376,9,,
817,None,-6,382.6114376,9,,
818,None,-6,382.6114376,9,,
819,None,-6,382.6114376,9,,
820,None,-6,418.588441,10,,
821,None,-6,418.588441,10,,
822,None,-6,418.588441,10,,
823,None,-6,418.588441,10,,
824,None,-6,446.4294894,11,,
825,None,-6,446.4294894,11,,
826,None,-6,446.4294894,11,,
827,None,-6,446.4294894,11,,
828,None,-2,0,1,,
829,None,-2,0,1,,
830,None,-2,0,1,,
831,None,-2,0,1,,
832,None,-2,139.6881091,2,,
833,None,-2,139.6881091,2,,
834,None,-2,139.6881091,2,,
835,None,-2,139.6881091,2,,
836,None,-2,227.0020545,3,,
837,None,-2,227.0020545,3,,
838,None,-2,227.0020545,3,,
839,None,-2,227.0020545,3,,
840,None,-2,300.9011637,4,,
841,None,-2,300.9011637,4,,
842,None,-2,300.9011637,4,,
843,None,-2,300.9011637,4,,
844,None,-2,387.5600985,5,,
845,None,-2,387.5600985,5,,
846,None,-2,387.5600985,5,,
847,None,-2,387.5600985,5,,
848,None,-2,424.731881,6,,
849,None,-2,424.731881,6,,
850,None,-2,424.731881,6,,
851,None,-2,424.731881,6,,
852,None,-2,470.3328241,7,,
853,None,-2,470.3328241,7,,
854,None,-2,470.3328241,7,,
855,None,-2,470.3328241,7,,
856,None,-2,520.2105029,8,,
857,None,-2,520.2105029,8,,
858,None,-2,520.2105029,8,,
859,None,-2,520.2105029,8,,
860,None,-2,574.6780611,9,,
861,None,-2,574.6780611,9,,
862,None,-2,574.6780611,9,,
863,None,-2,574.6780611,9,,
864,None,-2,597.8197127,10,,
865,None,-2,597.8197127,10,,
866,None,-2,597.8197127,10,,
867,None,-2,597.8197127,10,,
868,None,2,0,1,,
869,None,2,0,1,,
870,None,2,0,1,,
871,None,2,0,1,,
872,None,2,1208.58542,2,,
873,None,2,1208.58542,2,,
874,None,2,1208.58542,2,,
875,None,2,1208.58542,2,,
876,None,2,2484.192651,3,,
877,None,2,2484.192651,3,,
878,None,2,2484.192651,3,,
879,None,2,2484.192651,3,,
880,None,2,4201.764361,4,,
881,None,2,4201.764361,4,,
882,None,2,4201.764361,4,,
883,None,2,4201.764361,4,,
884,None,2,6354.482943,5,,
885,None,2,6354.482943,5,,
886,None,2,6354.482943,5,,
887,None,2,6354.482943,5,,
888,None,2,7337.238784,6,,
889,None,2,7337.238784,6,,
890,None,2,7337.238784,6,,
891,None,2,7337.238784,6,,
892,None,2,7667.864324,7,,
893,None,2,7667.864324,7,,
894,None,2,7667.864324,7,,
895,None,2,7667.864324,7,,
896,None,2,8009.241644,8,,
897,None,2,8009.241644,8,,
898,None,2,8009.241644,8,,
899,None,2,8009.241644,8,,
900,None,2,8317.221237,9,,
901,None,2,8317.221237,9,,
902,None,2,8317.221237,9,,
903,None,2,8317.221237,9,,
904,None,6,0,1,,
905,None,6,0,1,,
906,None,6,0,1,,
907,None,6,0,1,,
908,None,6,2946.531153,2,,
909,None,6,2946.531153,2,,
910,None,6,2946.531153,2,,
911,None,6,2946.531153,2,,
912,None,6,5883.358524,3,,
913,None,6,5883.358524,3,,
914,None,6,5883.358524,3,,
915,None,6,5883.358524,3,,
916,None,6,8418.705843,4,,
917,None,6,8418.705843,4,,
918,None,6,8418.705843,4,,
919,None,6,8418.705843,4,,
920,None,6,10503.39971,5,,
921,None,6,10503.39971,5,,
922,None,6,10503.39971,5,,
923,None,6,10503.39971,5,,
924,None,6,11466.06931,6,,
925,None,6,11466.06931,6,,
926,None,6,11466.06931,6,,
927,None,6,11466.06931,6,,
928,None,6,11978.23654,7,,
929,None,6,11978.23654,7,,
930,None,6,11978.23654,7,,
931,None,6,11978.23654,7,,
932,None,6,12465.57173,8,,
933,None,6,12465.57173,8,,
934,None,6,12465.57173,8,,
935,None,6,12465.57173,8,,
936,None,6,12704.99185,9,,
937,None,6,12704.99185,9,,
938,None,6,12704.99185,9,,
939,None,6,12704.99185,9,,
940,None,10,0,1,,
941,None,10,0,1,,
942,None,10,0,1,,
943,None,10,0,1,,
944,None,10,4537.572295,2,,
945,None,10,4537.572295,2,,
946,None,10,4537.572295,2,,
947,None,10,4537.572295,2,,
948,None,10,8127.205085,3,,
949,None,10,8127.205085,3,,
950,None,10,8127.205085,3,,
951,None,10,8127.205085,3,,
952,None,10,12066.61959,4,,
953,None,10,12066.61959,4,,
954,None,10,12066.61959,4,,
955,None,10,12066.61959,4,,
956,None,10,15890.76062,5,,
957,None,10,15890.76062,5,,
958,None,10,15890.76062,5,,
959,None,10,15890.76062,5,,
960,None,10,17802.10995,6,,
961,None,10,17802.10995,6,,
962,None,10,17802.10995,6,,
963,None,10,17802.10995,6,,
964,None,10,18727.30743,7,,
965,None,10,18727.30743,7,,
966,None,10,18727.30743,7,,
967,None,10,18727.30743,7,,
968,None,10,19425.22822,8,,
969,None,10,19425.22822,8,,
970,None,10,19425.22822,8,,
971,None,10,19425.22822,8,,
